,precision,recall,f1-score,support
High,0.23664529914529914,0.15981240981240982,0.19078380706287684,2772.0
Low,0.23780198957839888,0.20209339774557167,0.21849836779107729,2484.0
Medium,0.2630681818181818,0.18228346456692912,0.2153488372093023,2540.0
Very High,0.5234197362437472,0.27483285577841454,0.3604196023172069,4188.0
Very Low,0.5769143030948217,0.8329125041168075,0.6816711590296496,9109.0
accuracy,0.4810126582278481,0.4810126582278481,0.4810126582278481,0.4810126582278481
macro avg,0.36756990197608974,0.33038692640402656,0.3333443546820226,21093.0
weighted avg,0.44384716898692633,0.4810126582278481,0.44267617633283546,21093.0
